"","is_female","race_A","race_B","race_C","race_D","race_E","parent_ed_hs_some","parent_ed_hs_all","parent_ed_col_some","parent_ed_col_4yr","parent_ed_col_6yr","has_reduced_price_lunch","taken_prep_course","score_math","score_rdg","score_wrtng"
"1",0,0,1,0,0,0,0,0,0,1,0,0,0,72,72,74
"2",0,0,0,1,0,0,0,0,1,0,0,0,0,69,90,88
"3",0,0,1,0,0,0,0,0,0,0,1,0,0,90,95,93
"4",0,1,0,0,0,0,0,0,0,0,0,0,0,47,57,44
"5",0,0,0,1,0,0,0,0,1,0,0,0,0,76,78,75
"6",0,0,1,0,0,0,0,0,0,0,0,0,0,71,83,78
"7",0,0,1,0,0,0,0,0,1,0,0,0,0,88,95,92
"8",0,0,1,0,0,0,0,0,1,0,0,0,0,40,43,39
"9",0,0,0,0,1,0,0,1,0,0,0,0,0,64,64,67
"10",0,0,1,0,0,0,0,1,0,0,0,0,0,38,60,50
"11",0,0,0,1,0,0,0,0,0,0,0,0,0,58,54,52
"12",0,0,0,0,1,0,0,0,0,0,0,0,0,40,52,43
"13",0,0,1,0,0,0,0,1,0,0,0,0,0,65,81,73
"14",0,1,0,0,0,0,0,0,1,0,0,0,0,78,72,70
"15",0,1,0,0,0,0,0,0,0,0,1,0,0,50,53,58
"16",0,0,0,1,0,0,1,0,0,0,0,0,0,69,75,78
"17",0,0,0,1,0,0,0,1,0,0,0,0,0,88,89,86
"18",0,0,1,0,0,0,1,0,0,0,0,0,0,18,32,28
"19",0,0,0,1,0,0,0,0,0,0,1,0,0,46,42,46
"20",0,0,0,1,0,0,0,0,0,0,0,0,0,54,58,61
"21",0,0,0,0,1,0,0,1,0,0,0,0,0,66,69,63
"22",0,0,1,0,0,0,0,0,1,0,0,0,0,65,75,70
"23",0,0,0,0,1,0,0,0,1,0,0,0,0,44,54,53
"24",0,0,0,1,0,0,1,0,0,0,0,0,0,69,73,73
"25",0,0,0,0,1,0,0,0,0,1,0,0,0,74,71,80
"26",0,1,0,0,0,0,0,0,0,0,1,0,0,73,74,72
"27",0,0,1,0,0,0,0,0,1,0,0,0,0,69,54,55
"28",0,0,0,1,0,0,0,0,0,1,0,0,0,67,69,75
"29",0,0,0,1,0,0,0,1,0,0,0,0,0,70,70,65
"30",0,0,0,0,1,0,0,0,0,0,1,0,0,62,70,75
"31",0,0,0,0,1,0,0,0,1,0,0,0,0,69,74,74
"32",0,0,1,0,0,0,0,0,1,0,0,0,0,63,65,61
"33",0,0,0,0,0,1,0,0,0,0,1,0,0,56,72,65
"34",0,0,0,0,1,0,0,0,1,0,0,0,0,40,42,38
"35",0,0,0,0,0,1,0,0,1,0,0,0,0,97,87,82
"36",0,0,0,0,0,1,0,0,0,0,0,0,0,81,81,79
"37",0,0,0,0,1,0,0,0,0,0,0,0,0,74,81,83
"38",0,0,0,0,1,0,1,0,0,0,0,0,0,50,64,59
"39",0,0,0,0,1,0,0,0,0,0,0,0,0,75,90,88
"40",0,0,1,0,0,0,0,0,0,0,0,0,0,57,56,57
"41",0,0,0,1,0,0,0,0,0,0,0,0,0,55,61,54
"42",0,0,0,1,0,0,0,0,0,0,0,0,0,58,73,68
"43",0,0,1,0,0,0,0,0,0,0,0,0,0,53,58,65
"44",0,0,1,0,0,0,0,0,1,0,0,0,0,59,65,66
"45",0,0,0,0,0,1,0,0,0,0,0,0,0,50,56,54
"46",0,0,1,0,0,0,0,0,0,0,0,0,0,65,54,57
"47",0,1,0,0,0,0,0,0,0,0,0,0,0,55,65,62
"48",0,0,0,1,0,0,0,1,0,0,0,0,0,66,71,76
"49",0,0,0,0,1,0,0,0,0,0,0,0,0,57,74,76
"50",0,0,0,1,0,0,0,1,0,0,0,0,0,82,84,82
"51",0,0,0,0,0,1,0,0,1,0,0,0,0,53,55,48
"52",0,0,0,0,0,1,0,0,0,0,0,0,0,77,69,68
"53",0,0,0,1,0,0,0,0,1,0,0,0,0,53,44,42
"54",0,0,0,0,1,0,0,1,0,0,0,0,0,88,78,75
"55",0,0,0,1,0,0,1,0,0,0,0,0,0,71,84,87
"56",0,0,0,1,0,0,0,1,0,0,0,0,0,33,41,43
"57",0,0,0,0,0,1,0,0,0,0,0,0,0,82,85,86
"58",0,0,0,0,1,0,0,0,0,0,0,0,0,52,55,49
"59",0,0,0,0,1,0,0,0,1,0,0,0,0,58,59,58
"60",0,0,0,1,0,0,1,0,0,0,0,0,0,0,17,10
"61",0,0,0,0,0,1,0,0,0,1,0,0,0,79,74,72
"62",0,1,0,0,0,0,1,0,0,0,0,0,0,39,39,34
"63",0,1,0,0,0,0,0,0,0,0,0,0,0,62,61,55
"64",0,0,0,1,0,0,0,0,0,0,0,0,0,69,80,71
"65",0,0,0,0,1,0,1,0,0,0,0,0,0,59,58,59
"66",0,0,1,0,0,0,1,0,0,0,0,0,0,67,64,61
"67",0,0,0,0,1,0,1,0,0,0,0,0,0,45,37,37
"68",0,0,0,1,0,0,0,0,1,0,0,0,0,60,72,74
"69",0,0,1,0,0,0,0,0,0,0,0,0,0,61,58,56
"70",0,0,0,1,0,0,0,0,0,0,0,0,0,39,64,57
"71",0,0,0,0,1,0,0,0,1,0,0,0,0,58,63,73
"72",0,0,0,0,1,0,0,0,1,0,0,0,0,63,55,63
"73",0,1,0,0,0,0,0,0,0,0,0,0,0,41,51,48
"74",0,0,0,1,0,0,1,0,0,0,0,0,0,61,57,56
"75",0,0,0,1,0,0,1,0,0,0,0,0,0,49,49,41
"76",0,0,1,0,0,0,0,0,0,0,0,0,0,44,41,38
"77",0,0,0,0,0,1,1,0,0,0,0,0,0,30,26,22
"78",0,1,0,0,0,0,0,0,0,1,0,0,0,80,78,81
"79",0,0,0,0,1,0,1,0,0,0,0,0,0,61,74,72
"80",0,0,0,0,0,1,0,0,0,0,1,0,0,62,68,68
"81",0,0,1,0,0,0,0,0,0,0,0,0,0,47,49,50
"82",0,0,1,0,0,0,0,1,0,0,0,0,0,49,45,45
"83",0,1,0,0,0,0,0,0,1,0,0,0,0,50,47,54
"84",0,0,0,0,0,1,0,0,0,0,0,0,0,72,64,63
"85",0,0,0,0,1,0,0,1,0,0,0,0,0,42,39,34
"86",0,0,0,1,0,0,0,0,1,0,0,0,0,73,80,82
"87",0,0,0,1,0,0,0,0,1,0,0,0,0,76,83,88
"88",0,0,0,0,1,0,0,0,0,0,0,0,0,71,71,74
"89",0,1,0,0,0,0,0,0,1,0,0,0,0,58,70,67
"90",0,0,0,0,1,0,1,0,0,0,0,0,0,73,86,82
"91",0,0,0,1,0,0,0,0,0,1,0,0,0,65,72,74
"92",0,0,0,1,0,0,0,1,0,0,0,0,0,27,34,36
"93",0,0,0,1,0,0,0,1,0,0,0,0,0,71,79,71
"94",0,0,0,1,0,0,0,0,0,0,0,0,0,43,45,50
"95",0,0,1,0,0,0,0,0,1,0,0,0,0,79,86,92
"96",0,0,0,1,0,0,0,0,0,0,0,0,0,78,81,82
"97",0,0,1,0,0,0,1,0,0,0,0,0,0,65,66,62
"98",0,0,0,0,0,1,0,0,1,0,0,0,0,63,72,70
"99",0,0,0,0,1,0,0,0,1,0,0,0,0,58,67,62
"100",0,0,0,0,1,0,0,0,0,1,0,0,0,65,67,62
"101",0,0,1,0,0,0,0,0,1,0,0,0,0,79,67,67
"102",0,0,0,0,1,0,0,0,0,1,0,0,0,68,74,74
"103",0,0,0,0,1,0,0,0,0,0,0,0,0,85,91,89
"104",0,0,1,0,0,0,0,1,0,0,0,0,0,60,44,47
"105",0,0,0,1,0,0,0,0,1,0,0,0,0,98,86,90
"106",0,0,0,1,0,0,0,0,1,0,0,0,0,58,67,72
"107",0,0,0,0,1,0,0,0,0,0,1,0,0,87,100,100
"108",0,0,0,0,0,1,0,0,0,0,0,0,0,66,63,64
"109",0,0,1,0,0,0,0,0,0,0,0,0,0,52,76,70
"110",0,0,1,0,0,0,1,0,0,0,0,0,0,70,64,72
"111",0,0,0,0,1,0,0,0,0,0,0,0,0,77,89,98
"112",0,0,0,1,0,0,0,1,0,0,0,0,0,62,55,49
"113",0,1,0,0,0,0,0,0,0,0,0,0,0,54,53,47
"114",0,0,0,0,1,0,0,0,1,0,0,0,0,51,58,54
"115",0,0,0,0,0,1,0,0,0,1,0,0,0,99,100,100
"116",0,0,0,1,0,0,0,1,0,0,0,0,0,84,77,74
"117",0,0,1,0,0,0,0,0,0,1,0,0,0,75,85,82
"118",0,0,0,0,1,0,0,0,0,1,0,0,0,78,82,79
"119",0,0,0,0,1,0,1,0,0,0,0,0,0,51,63,61
"120",0,0,0,1,0,0,0,0,1,0,0,0,0,55,69,65
"121",0,0,0,1,0,0,0,0,0,1,0,0,0,79,92,89
"122",0,0,1,0,0,0,0,0,0,0,0,0,0,91,89,92
"123",0,0,0,1,0,0,0,0,1,0,0,0,0,88,93,93
"124",0,0,0,0,1,0,0,1,0,0,0,0,0,63,57,56
"125",0,0,0,0,0,1,0,0,1,0,0,0,0,83,80,73
"126",0,0,1,0,0,0,0,1,0,0,0,0,0,87,95,86
"127",0,0,1,0,0,0,1,0,0,0,0,0,0,72,68,67
"128",0,0,0,0,1,0,0,0,1,0,0,0,0,65,77,74
"129",0,0,0,0,1,0,0,0,0,0,1,0,0,82,82,74
"130",0,1,0,0,0,0,0,0,0,1,0,0,0,51,49,51
"131",0,0,0,0,1,0,0,0,0,0,1,0,0,89,84,82
"132",0,0,0,1,0,0,1,0,0,0,0,0,0,53,37,40
"133",0,0,0,0,0,1,0,0,1,0,0,0,0,87,74,70
"134",0,0,0,1,0,0,0,0,1,0,0,0,0,75,81,84
"135",0,0,0,0,1,0,0,0,0,1,0,0,0,74,79,75
"136",0,0,0,1,0,0,0,0,0,1,0,0,0,58,55,48
"137",0,0,1,0,0,0,1,0,0,0,0,0,0,51,54,41
"138",0,0,0,0,0,1,0,1,0,0,0,0,0,70,55,56
"139",0,0,0,1,0,0,0,0,0,0,0,0,0,59,66,67
"140",0,0,0,0,1,0,0,0,1,0,0,0,0,71,61,69
"141",0,0,0,0,1,0,1,0,0,0,0,0,0,76,72,71
"142",0,0,0,1,0,0,0,0,1,0,0,0,0,59,62,64
"143",0,0,0,0,0,1,0,0,1,0,0,0,0,42,55,54
"144",0,1,0,0,0,0,0,1,0,0,0,0,0,57,43,47
"145",0,0,0,0,1,0,0,0,1,0,0,0,0,88,73,78
"146",0,0,0,1,0,0,0,0,1,0,0,0,0,22,39,33
"147",0,0,1,0,0,0,1,0,0,0,0,0,0,88,84,75
"148",0,0,0,1,0,0,0,0,0,0,0,0,0,73,68,66
"149",0,0,0,0,1,0,0,0,0,1,0,0,0,68,75,81
"150",0,0,0,0,0,1,0,0,0,0,0,0,0,100,100,93
"151",0,1,0,0,0,0,1,0,0,0,0,0,0,62,67,69
"152",0,1,0,0,0,0,0,0,0,1,0,0,0,77,67,68
"153",0,0,1,0,0,0,0,0,0,0,0,0,0,59,70,66
"154",0,0,0,0,1,0,0,0,0,1,0,0,0,54,49,47
"155",0,0,0,0,1,0,1,0,0,0,0,0,0,62,67,61
"156",0,0,0,1,0,0,0,0,1,0,0,0,0,70,89,88
"157",0,0,0,0,0,1,0,1,0,0,0,0,0,66,74,78
"158",0,0,1,0,0,0,0,0,1,0,0,0,0,60,60,60
"159",0,0,1,0,0,0,0,0,0,0,0,0,0,61,86,87
"160",0,0,0,0,1,0,0,0,0,0,0,0,0,66,62,64
"161",0,0,1,0,0,0,0,0,0,0,0,0,0,82,78,74
"162",0,0,0,0,0,1,0,0,1,0,0,0,0,75,88,85
"163",0,0,1,0,0,0,0,0,0,0,1,0,0,49,53,52
"164",0,0,0,1,0,0,0,1,0,0,0,0,0,52,53,49
"165",0,0,0,0,0,1,0,0,0,0,1,0,0,81,92,91
"166",0,0,0,1,0,0,0,0,0,1,0,0,0,96,100,100
"167",0,0,0,1,0,0,0,1,0,0,0,0,0,53,51,51
"168",0,0,1,0,0,0,0,0,0,0,1,0,0,58,76,78
"169",0,0,1,0,0,0,0,1,0,0,0,0,0,68,83,78
"170",0,0,0,1,0,0,0,0,1,0,0,0,0,67,75,70
"171",0,1,0,0,0,0,0,1,0,0,0,0,0,72,73,74
"172",0,0,0,0,0,1,1,0,0,0,0,0,0,94,88,78
"173",0,0,0,0,1,0,0,0,1,0,0,0,0,79,86,81
"174",0,0,0,1,0,0,0,0,0,0,0,0,0,63,67,70
"175",0,0,0,1,0,0,0,0,0,1,0,0,0,43,51,54
"176",0,0,0,1,0,0,0,0,0,0,1,0,0,81,91,87
"177",0,0,1,0,0,0,0,1,0,0,0,0,0,46,54,58
"178",0,0,0,1,0,0,0,0,0,0,0,0,0,71,77,77
"179",0,0,1,0,0,0,0,0,0,0,1,0,0,52,70,62
"180",0,0,0,0,1,0,1,0,0,0,0,0,0,97,100,100
"181",0,0,0,1,0,0,0,0,0,0,1,0,0,62,68,75
"182",0,0,0,1,0,0,0,0,1,0,0,0,0,46,64,66
"183",0,0,0,0,0,1,0,1,0,0,0,0,0,50,50,47
"184",0,0,0,0,1,0,0,0,0,0,0,0,0,65,69,70
"185",0,0,0,1,0,0,1,0,0,0,0,0,0,45,52,49
"186",0,0,0,1,0,0,0,0,0,0,0,0,0,65,67,65
"187",0,0,0,0,0,1,0,1,0,0,0,0,0,80,76,65
"188",0,0,0,0,1,0,1,0,0,0,0,0,0,62,66,68
"189",0,0,1,0,0,0,1,0,0,0,0,0,0,48,52,45
"190",0,0,0,1,0,0,0,0,0,1,0,0,0,77,88,87
"191",0,0,0,0,0,1,0,0,0,0,0,0,0,66,65,69
"192",0,0,0,0,1,0,0,0,1,0,0,0,0,76,83,79
"193",0,0,1,0,0,0,1,0,0,0,0,0,0,62,64,66
"194",0,0,0,0,1,0,0,0,1,0,0,0,0,77,62,62
"195",0,0,0,1,0,0,0,0,0,0,1,0,0,69,84,85
"196",0,0,0,0,1,0,0,0,0,0,0,0,0,61,55,52
"197",0,0,0,1,0,0,1,0,0,0,0,0,0,59,69,65
"198",0,0,0,0,0,1,0,1,0,0,0,0,0,55,56,51
"199",0,0,1,0,0,0,0,0,1,0,0,0,0,45,53,55
"200",0,0,1,0,0,0,0,0,0,1,0,0,0,78,79,76
"201",0,0,0,1,0,0,0,0,0,0,0,0,0,67,84,86
"202",0,0,0,0,1,0,0,0,1,0,0,0,0,65,81,77
"203",0,0,0,1,0,0,0,0,0,0,0,0,0,69,77,69
"204",0,0,1,0,0,0,0,0,0,0,0,0,0,57,69,68
"205",0,0,0,1,0,0,0,0,1,0,0,0,0,59,41,42
"206",0,0,0,0,1,0,1,0,0,0,0,0,0,74,71,78
"207",0,0,0,0,0,1,0,0,0,1,0,0,0,82,62,62
"208",0,0,0,0,0,1,0,1,0,0,0,0,0,81,80,76
"209",0,0,1,0,0,0,0,0,1,0,0,0,0,74,81,76
"210",0,0,1,0,0,0,0,0,1,0,0,0,0,58,61,66
"211",0,0,0,0,1,0,1,0,0,0,0,0,0,80,79,79
"212",0,0,0,1,0,0,0,0,1,0,0,0,0,35,28,27
"213",0,0,0,1,0,0,0,1,0,0,0,0,0,42,62,60
"214",0,0,0,1,0,0,0,0,0,0,0,0,0,60,51,56
"215",0,0,0,0,0,1,0,1,0,0,0,0,0,87,91,81
"216",0,0,1,0,0,0,1,0,0,0,0,0,0,84,83,75
"217",0,0,0,0,0,1,0,0,0,0,0,0,0,83,86,88
"218",0,0,0,1,0,0,0,1,0,0,0,0,0,34,42,39
"219",0,0,1,0,0,0,0,1,0,0,0,0,0,66,77,70
"220",0,0,1,0,0,0,1,0,0,0,0,0,0,61,56,56
"221",0,0,0,0,1,0,0,1,0,0,0,0,0,56,68,74
"222",0,0,1,0,0,0,0,0,0,0,0,0,0,87,85,73
"223",0,0,0,1,0,0,1,0,0,0,0,0,0,55,65,62
"224",0,0,0,0,1,0,1,0,0,0,0,0,0,86,80,75
"225",0,0,1,0,0,0,0,0,0,0,0,0,0,52,66,73
"226",0,0,0,0,0,1,0,0,0,0,1,0,0,45,56,54
"227",0,0,0,1,0,0,0,0,1,0,0,0,0,72,72,71
"228",0,0,0,0,1,0,0,1,0,0,0,0,0,57,50,54
"229",0,1,0,0,0,0,1,0,0,0,0,0,0,68,72,64
"230",0,0,0,1,0,0,0,0,1,0,0,0,0,88,95,94
"231",0,0,0,0,1,0,0,0,1,0,0,0,0,76,64,66
"232",0,0,0,1,0,0,0,0,0,0,0,0,0,46,43,42
"233",0,0,1,0,0,0,0,0,0,1,0,0,0,67,86,83
"234",0,0,0,0,0,1,1,0,0,0,0,0,0,92,87,78
"235",0,0,0,1,0,0,0,0,0,1,0,0,0,83,82,84
"236",0,0,0,0,1,0,0,0,0,0,0,0,0,80,75,77
"237",0,0,0,0,1,0,0,0,0,1,0,0,0,63,66,67
"238",0,0,0,0,1,0,1,0,0,0,0,0,0,64,60,74
"239",0,0,1,0,0,0,0,0,1,0,0,0,0,54,52,51
"240",0,0,0,1,0,0,0,0,0,0,0,0,0,84,80,80
"241",0,0,0,0,1,0,0,1,0,0,0,0,0,73,68,66
"242",0,0,0,0,0,1,0,0,0,1,0,0,0,80,83,83
"243",0,0,0,0,1,0,0,1,0,0,0,0,0,56,52,55
"244",0,0,0,0,0,1,0,0,1,0,0,0,0,59,51,43
"245",0,0,0,0,1,0,1,0,0,0,0,0,0,75,74,69
"246",0,0,0,1,0,0,0,0,0,0,0,0,0,85,76,71
"247",0,0,0,0,0,1,0,0,0,0,0,0,0,89,76,74
"248",0,0,1,0,0,0,0,1,0,0,0,0,0,58,70,68
"249",0,0,1,0,0,0,0,1,0,0,0,0,0,65,64,62
"250",0,0,0,1,0,0,0,1,0,0,0,0,0,68,60,53
"251",0,1,0,0,0,0,1,0,0,0,0,0,0,47,49,49
"252",0,0,0,0,1,0,0,0,1,0,0,0,0,71,83,83
"253",0,0,1,0,0,0,1,0,0,0,0,0,0,60,70,70
"254",0,0,0,0,1,0,0,0,0,0,1,0,0,80,80,72
"255",0,0,0,0,1,0,0,1,0,0,0,0,0,54,52,52
"256",0,0,0,0,0,1,0,0,1,0,0,0,0,62,73,70
"257",0,0,0,1,0,0,0,0,0,0,0,0,0,64,73,68
"258",0,0,0,1,0,0,0,0,0,0,0,0,0,78,77,77
"259",0,0,1,0,0,0,0,0,1,0,0,0,0,70,75,78
"260",0,0,0,1,0,0,0,0,0,0,1,0,0,65,81,81
"261",0,0,0,1,0,0,1,0,0,0,0,0,0,64,79,77
"262",0,0,0,1,0,0,0,0,1,0,0,0,0,79,79,78
"263",0,0,0,1,0,0,1,0,0,0,0,0,0,44,50,51
"264",0,0,0,0,0,1,0,1,0,0,0,0,0,99,93,90
"265",0,0,0,0,1,0,0,1,0,0,0,0,0,76,73,68
"266",0,0,0,0,1,0,1,0,0,0,0,0,0,59,42,41
"267",0,0,0,1,0,0,0,0,0,1,0,0,0,63,75,81
"268",0,0,0,0,1,0,0,1,0,0,0,0,0,69,72,77
"269",0,0,0,0,1,0,0,0,0,0,0,0,0,88,92,95
"270",0,0,0,0,0,1,0,0,1,0,0,0,0,71,76,70
"271",0,0,0,1,0,0,0,0,0,1,0,0,0,69,63,61
"272",0,0,0,1,0,0,0,0,1,0,0,0,0,58,49,42
"273",0,0,0,0,1,0,0,0,0,0,0,0,0,47,53,58
"274",0,0,0,0,1,0,0,0,1,0,0,0,0,65,70,71
"275",0,0,1,0,0,0,0,0,1,0,0,0,0,88,85,76
"276",0,0,0,1,0,0,0,0,0,1,0,0,0,83,78,73
"277",0,0,0,1,0,0,1,0,0,0,0,0,0,85,92,93
"278",0,0,0,0,0,1,0,1,0,0,0,0,0,59,63,75
"279",0,0,0,1,0,0,1,0,0,0,0,0,0,65,86,80
"280",0,0,1,0,0,0,0,0,0,1,0,0,0,73,56,57
"281",0,0,0,0,1,0,0,1,0,0,0,0,0,53,52,42
"282",0,0,0,0,1,0,0,1,0,0,0,0,0,45,48,46
"283",0,0,0,0,1,0,0,0,0,1,0,0,0,73,79,84
"284",0,0,0,0,1,0,0,0,1,0,0,0,0,70,78,78
"285",0,0,1,0,0,0,1,0,0,0,0,0,0,37,46,46
"286",0,0,1,0,0,0,0,0,0,0,0,0,0,81,82,82
"287",0,0,0,0,0,1,0,0,0,0,0,0,0,97,82,88
"288",0,0,1,0,0,0,1,0,0,0,0,0,0,67,89,82
"289",0,0,1,0,0,0,0,0,0,1,0,0,0,88,75,76
"290",0,0,0,0,0,1,1,0,0,0,0,0,0,77,76,77
"291",0,0,0,1,0,0,0,0,0,0,0,0,0,76,70,68
"292",0,0,0,0,1,0,1,0,0,0,0,0,0,86,73,70
"293",0,0,0,1,0,0,1,0,0,0,0,0,0,63,60,57
"294",0,0,0,0,0,1,0,0,0,1,0,0,0,65,73,75
"295",0,0,0,0,1,0,0,1,0,0,0,0,0,78,77,80
"296",0,0,1,0,0,0,0,0,0,0,0,0,0,67,62,60
"297",0,1,0,0,0,0,1,0,0,0,0,0,0,46,41,43
"298",0,0,0,0,0,1,0,0,0,0,0,0,0,71,74,68
"299",0,0,0,1,0,0,0,1,0,0,0,0,0,40,46,50
"300",0,0,0,0,1,0,0,0,0,0,0,0,0,90,87,75
"301",0,1,0,0,0,0,0,0,1,0,0,0,0,81,78,81
"302",0,0,0,0,1,0,1,0,0,0,0,0,0,56,54,52
"303",0,0,0,1,0,0,0,0,0,0,0,0,0,67,84,81
"304",0,0,1,0,0,0,0,0,0,0,0,0,0,80,76,64
"305",0,0,0,1,0,0,0,0,0,0,0,0,0,74,75,83
"306",0,1,0,0,0,0,0,0,1,0,0,0,0,69,67,69
"307",0,0,0,0,0,1,0,0,1,0,0,0,0,99,87,81
"308",0,0,0,1,0,0,1,0,0,0,0,0,0,51,52,44
"309",0,0,1,0,0,0,0,0,0,0,0,0,0,53,71,67
"310",0,0,0,0,1,0,0,1,0,0,0,0,0,49,57,52
"311",0,0,1,0,0,0,0,0,0,0,0,0,0,73,76,80
"312",0,0,1,0,0,0,0,0,0,1,0,0,0,66,60,57
"313",0,0,0,0,1,0,0,0,0,1,0,0,0,67,61,68
"314",0,0,0,1,0,0,0,0,0,0,0,0,0,68,67,69
"315",0,0,0,1,0,0,0,0,0,1,0,0,0,59,64,75
"316",0,0,0,1,0,0,0,1,0,0,0,0,0,71,66,65
"317",0,0,0,0,1,0,0,0,0,0,1,0,0,77,82,91
"318",0,0,0,1,0,0,0,0,0,0,0,0,0,83,72,78
"319",0,0,1,0,0,0,0,0,0,1,0,0,0,63,71,69
"320",0,0,0,0,1,0,0,0,0,0,0,0,0,56,65,63
"321",0,0,0,1,0,0,0,1,0,0,0,0,0,67,79,84
"322",0,0,0,0,0,1,0,1,0,0,0,0,0,75,86,79
"323",0,0,0,1,0,0,0,0,1,0,0,0,0,71,81,80
"324",0,0,0,1,0,0,1,0,0,0,0,0,0,43,53,53
"325",0,0,0,1,0,0,0,1,0,0,0,0,0,41,46,43
"326",0,0,0,1,0,0,0,0,1,0,0,0,0,82,90,94
"327",0,0,0,1,0,0,0,0,1,0,0,0,0,61,61,62
"328",0,1,0,0,0,0,0,0,1,0,0,0,0,28,23,19
"329",0,0,0,1,0,0,0,0,0,0,0,0,0,82,75,77
"330",0,0,1,0,0,0,1,0,0,0,0,0,0,41,55,51
"331",0,0,0,1,0,0,0,1,0,0,0,0,0,71,60,61
"332",0,0,0,1,0,0,0,0,0,0,0,0,0,47,37,35
"333",0,0,0,0,0,1,0,0,0,0,0,0,0,62,56,53
"334",0,0,1,0,0,0,0,0,0,0,0,0,0,90,78,81
"335",0,0,0,1,0,0,0,0,0,1,0,0,0,83,93,95
"336",0,0,1,0,0,0,0,0,1,0,0,0,0,61,68,66
"337",0,0,0,0,1,0,1,0,0,0,0,0,0,76,70,69
"338",0,0,0,1,0,0,0,0,0,0,0,0,0,49,51,43
"339",0,0,1,0,0,0,1,0,0,0,0,0,0,24,38,27
"340",0,0,0,0,1,0,1,0,0,0,0,0,0,35,55,60
"341",0,0,0,1,0,0,0,1,0,0,0,0,0,58,61,52
"342",0,0,0,1,0,0,0,1,0,0,0,0,0,61,73,63
"343",0,0,1,0,0,0,0,1,0,0,0,0,0,69,76,74
"344",0,0,0,0,1,0,0,0,0,0,0,0,0,67,72,67
"345",0,0,0,0,1,0,0,0,1,0,0,0,0,79,73,67
"346",0,0,0,1,0,0,0,1,0,0,0,0,0,72,80,75
"347",0,0,1,0,0,0,0,0,1,0,0,0,0,62,61,57
"348",0,0,0,1,0,0,0,0,0,1,0,0,0,77,94,95
"349",0,0,0,0,1,0,0,1,0,0,0,0,0,75,74,66
"350",0,0,0,0,0,1,0,0,0,0,0,0,0,87,74,76
"351",0,0,1,0,0,0,0,0,0,1,0,0,0,52,65,69
"352",0,0,0,0,0,1,0,0,1,0,0,0,0,66,57,52
"353",0,0,0,1,0,0,0,0,1,0,0,0,0,63,78,80
"354",0,0,0,1,0,0,0,0,0,0,0,0,0,46,58,57
"355",0,0,0,1,0,0,0,0,1,0,0,0,0,59,71,70
"356",0,0,1,0,0,0,0,0,0,1,0,0,0,61,72,70
"357",0,1,0,0,0,0,0,0,0,0,0,0,0,63,61,61
"358",0,0,0,1,0,0,0,0,1,0,0,0,0,42,66,69
"359",0,0,0,0,1,0,0,0,1,0,0,0,0,59,62,61
"360",0,0,0,0,1,0,0,0,1,0,0,0,0,80,90,89
"361",0,0,1,0,0,0,0,1,0,0,0,0,0,58,62,59
"362",0,0,1,0,0,0,1,0,0,0,0,0,0,85,84,78
"363",0,0,0,1,0,0,0,0,1,0,0,0,0,52,58,58
"364",0,0,0,0,1,0,1,0,0,0,0,0,0,27,34,32
"365",0,0,0,1,0,0,0,0,1,0,0,0,0,59,60,58
"366",0,1,0,0,0,0,0,0,0,1,0,0,0,49,58,60
"367",0,0,0,1,0,0,0,1,0,0,0,0,0,69,58,53
"368",0,0,0,1,0,0,0,0,0,1,0,0,0,61,66,61
"369",0,1,0,0,0,0,1,0,0,0,0,0,0,44,64,58
"370",0,0,0,0,1,0,1,0,0,0,0,0,0,73,84,85
"371",0,0,0,0,0,1,0,0,1,0,0,0,0,84,77,71
"372",0,0,0,1,0,0,0,0,1,0,0,0,0,45,73,70
"373",0,0,0,0,1,0,1,0,0,0,0,0,0,74,74,72
"374",0,0,0,0,1,0,0,0,1,0,0,0,0,82,97,96
"375",0,0,0,0,1,0,0,0,0,1,0,0,0,59,70,73
"376",0,0,0,0,0,1,0,0,0,0,0,0,0,46,43,41
"377",0,0,0,0,1,0,1,0,0,0,0,0,0,80,90,82
"378",0,0,0,0,1,0,0,0,0,0,1,0,0,85,95,100
"379",0,1,0,0,0,0,1,0,0,0,0,0,0,71,83,77
"380",0,1,0,0,0,0,0,0,0,1,0,0,0,66,64,62
"381",0,0,1,0,0,0,0,0,0,0,0,0,0,80,86,83
"382",0,0,0,1,0,0,0,0,0,0,0,0,0,87,100,95
"383",0,0,0,1,0,0,0,0,0,0,1,0,0,79,81,71
"384",0,0,0,0,0,1,1,0,0,0,0,0,0,38,49,45
"385",0,1,0,0,0,0,1,0,0,0,0,0,0,38,43,43
"386",0,0,0,0,0,1,0,0,1,0,0,0,0,67,76,75
"387",0,0,0,0,0,1,0,0,0,1,0,0,0,64,73,70
"388",0,0,0,1,0,0,0,0,0,0,0,0,0,57,78,67
"389",0,0,0,0,1,0,0,1,0,0,0,0,0,62,64,64
"390",0,0,0,0,1,0,0,0,0,0,1,0,0,73,70,75
"391",0,0,0,0,0,1,1,0,0,0,0,0,0,73,67,59
"392",0,0,0,0,1,0,0,0,1,0,0,0,0,77,68,77
"393",0,0,0,0,0,1,0,0,1,0,0,0,0,76,67,67
"394",0,0,0,1,0,0,0,0,0,0,0,0,0,57,54,56
"395",0,0,0,1,0,0,1,0,0,0,0,0,0,65,74,77
"396",0,1,0,0,0,0,0,1,0,0,0,0,0,48,45,41
"397",0,0,1,0,0,0,0,1,0,0,0,0,0,50,67,63
"398",0,0,0,1,0,0,0,0,0,0,0,0,0,85,89,95
"399",0,0,1,0,0,0,1,0,0,0,0,0,0,74,63,57
"400",0,0,0,0,1,0,1,0,0,0,0,0,0,60,59,54
"401",0,0,0,1,0,0,1,0,0,0,0,0,0,59,54,67
"402",0,1,0,0,0,0,0,0,1,0,0,0,0,53,43,43
"403",0,1,0,0,0,0,0,0,1,0,0,0,0,49,65,55
"404",0,0,0,0,1,0,0,1,0,0,0,0,0,88,99,100
"405",0,0,0,1,0,0,0,1,0,0,0,0,0,54,59,62
"406",0,0,0,1,0,0,1,0,0,0,0,0,0,63,73,68
"407",0,0,1,0,0,0,0,0,0,0,0,0,0,65,65,63
"408",0,0,1,0,0,0,0,0,0,0,0,0,0,82,80,77
"409",0,0,0,0,1,0,0,1,0,0,0,0,0,52,57,56
"410",0,0,0,0,1,0,0,0,0,0,0,0,0,87,84,85
"411",0,0,0,0,1,0,0,0,0,0,1,0,0,70,71,74
"412",0,0,0,0,0,1,0,0,1,0,0,0,0,84,83,78
"413",0,0,0,0,1,0,0,0,0,0,0,0,0,71,66,60
"414",0,0,1,0,0,0,1,0,0,0,0,0,0,63,67,67
"415",0,0,0,1,0,0,0,0,0,1,0,0,0,51,72,79
"416",0,0,0,0,0,1,0,1,0,0,0,0,0,84,73,69
"417",0,0,0,1,0,0,0,0,0,1,0,0,0,71,74,68
"418",0,0,0,1,0,0,0,0,0,0,0,0,0,74,73,67
"419",0,0,0,0,1,0,0,0,1,0,0,0,0,68,59,62
"420",0,0,0,0,0,1,0,1,0,0,0,0,0,57,56,54
"421",0,0,0,1,0,0,0,0,0,0,0,0,0,82,93,93
"422",0,0,0,0,1,0,0,1,0,0,0,0,0,57,58,64
"423",0,0,0,0,1,0,0,0,0,0,1,0,0,47,58,67
"424",0,1,0,0,0,0,1,0,0,0,0,0,0,59,85,80
"425",0,0,1,0,0,0,0,0,1,0,0,0,0,41,39,34
"426",0,0,0,1,0,0,0,0,1,0,0,0,0,62,67,62
"427",0,0,0,1,0,0,0,0,0,1,0,0,0,86,83,86
"428",0,0,0,1,0,0,1,0,0,0,0,0,0,69,71,65
"429",0,1,0,0,0,0,1,0,0,0,0,0,0,65,59,53
"430",0,0,0,1,0,0,1,0,0,0,0,0,0,68,63,54
"431",0,0,0,1,0,0,0,0,0,0,0,0,0,64,66,59
"432",0,0,0,1,0,0,0,1,0,0,0,0,0,61,72,70
"433",0,0,0,1,0,0,0,1,0,0,0,0,0,61,56,55
"434",0,1,0,0,0,0,1,0,0,0,0,0,0,47,59,50
"435",0,0,0,1,0,0,1,0,0,0,0,0,0,73,66,66
"436",0,0,0,1,0,0,0,0,1,0,0,0,0,50,48,53
"437",0,0,0,0,1,0,0,0,0,0,0,0,0,75,68,64
"438",0,0,0,0,1,0,0,0,0,0,0,0,0,75,66,73
"439",0,0,0,1,0,0,0,1,0,0,0,0,0,70,56,51
"440",0,0,0,0,1,0,1,0,0,0,0,0,0,89,88,82
"441",0,0,0,1,0,0,0,0,1,0,0,0,0,67,81,79
"442",0,0,0,0,1,0,0,1,0,0,0,0,0,78,81,80
"443",0,1,0,0,0,0,1,0,0,0,0,0,0,59,73,69
"444",0,0,1,0,0,0,0,0,0,0,0,0,0,73,83,76
"445",0,1,0,0,0,0,1,0,0,0,0,0,0,79,82,73
"446",0,0,0,1,0,0,1,0,0,0,0,0,0,67,74,77
"447",0,0,0,0,1,0,0,0,1,0,0,0,0,69,66,60
"448",0,0,0,1,0,0,0,1,0,0,0,0,0,86,81,80
"449",0,0,1,0,0,0,0,1,0,0,0,0,0,47,46,42
"450",0,0,1,0,0,0,0,0,0,0,0,0,0,81,73,72
"451",0,0,0,1,0,0,0,0,1,0,0,0,0,64,85,85
"452",0,0,0,0,0,1,0,0,1,0,0,0,0,100,92,97
"453",0,0,0,1,0,0,0,0,0,0,0,0,0,65,77,74
"454",0,0,0,1,0,0,0,0,1,0,0,0,0,65,58,49
"455",0,0,0,1,0,0,0,0,0,0,0,0,0,53,61,62
"456",0,0,0,1,0,0,0,0,0,1,0,0,0,37,56,47
"457",0,0,0,0,1,0,0,0,0,1,0,0,0,79,89,89
"458",0,0,0,0,1,0,0,0,0,0,0,0,0,53,54,48
"459",0,0,0,0,0,1,0,0,0,1,0,0,0,100,100,100
"460",0,0,1,0,0,0,0,1,0,0,0,0,0,72,65,68
"461",0,0,0,1,0,0,0,0,0,1,0,0,0,53,58,55
"462",0,0,1,0,0,0,0,0,1,0,0,0,0,54,54,45
"463",0,0,0,0,0,1,0,0,1,0,0,0,0,71,70,76
"464",0,0,0,1,0,0,0,0,1,0,0,0,0,77,90,91
"465",0,1,0,0,0,0,0,0,0,1,0,0,0,75,58,62
"466",0,0,0,1,0,0,0,0,1,0,0,0,0,84,87,91
"467",0,0,0,0,1,0,0,0,0,0,0,0,0,26,31,38
"468",0,1,0,0,0,0,0,1,0,0,0,0,0,72,67,65
"469",0,1,0,0,0,0,0,1,0,0,0,0,0,77,88,85
"470",0,0,0,1,0,0,0,0,1,0,0,0,0,91,74,76
"471",0,0,0,1,0,0,0,0,0,0,0,0,0,83,85,90
"472",0,0,0,1,0,0,0,1,0,0,0,0,0,63,69,74
"473",0,0,0,1,0,0,0,0,0,0,0,0,0,68,86,84
"474",0,0,0,0,1,0,1,0,0,0,0,0,0,59,67,61
"475",0,0,1,0,0,0,0,0,0,0,0,0,0,90,90,91
"476",0,0,0,0,1,0,0,0,0,1,0,0,0,71,76,83
"477",0,0,0,0,0,1,0,0,0,1,0,0,0,76,62,66
"478",0,0,0,0,1,0,0,0,0,0,0,0,0,80,68,72
"479",0,0,0,0,1,0,0,0,0,0,1,0,0,55,64,70
"480",0,0,0,0,0,1,0,0,0,0,0,0,0,76,71,67
"481",0,0,1,0,0,0,0,1,0,0,0,0,0,73,71,68
"482",0,0,0,0,1,0,0,0,0,0,0,0,0,52,59,56
"483",0,0,0,1,0,0,0,0,1,0,0,0,0,68,68,61
"484",0,1,0,0,0,0,0,1,0,0,0,0,0,59,52,46
"485",0,0,1,0,0,0,0,0,0,0,0,0,0,49,52,54
"486",0,0,0,1,0,0,0,1,0,0,0,0,0,70,74,71
"487",0,0,0,0,1,0,0,0,1,0,0,0,0,61,47,56
"488",0,0,0,1,0,0,0,0,0,0,0,0,0,60,75,74
"489",0,0,1,0,0,0,1,0,0,0,0,0,0,64,53,57
"490",0,1,0,0,0,0,0,0,0,0,0,0,0,79,82,82
"491",0,1,0,0,0,0,0,0,0,0,0,0,0,65,85,76
"492",0,0,0,1,0,0,0,0,0,0,0,0,0,64,64,70
"493",0,0,0,1,0,0,0,0,1,0,0,0,0,83,83,90
"494",0,0,0,1,0,0,0,0,0,1,0,0,0,81,88,90
"495",0,0,1,0,0,0,0,1,0,0,0,0,0,54,64,68
"496",0,0,0,0,1,0,0,1,0,0,0,0,0,68,64,66
"497",0,0,0,1,0,0,0,0,1,0,0,0,0,54,48,52
"498",0,0,0,0,1,0,0,0,1,0,0,0,0,59,78,76
"499",0,0,1,0,0,0,1,0,0,0,0,0,0,66,69,68
"500",0,0,0,0,0,1,0,0,1,0,0,0,0,76,71,72
"501",0,0,0,0,1,0,0,0,0,0,1,0,0,74,79,82
"502",0,0,1,0,0,0,0,0,0,0,0,0,0,94,87,92
"503",0,0,0,1,0,0,0,0,1,0,0,0,0,63,61,54
"504",0,0,0,0,0,1,0,0,0,0,0,0,0,95,89,92
"505",0,0,0,0,1,0,0,0,0,0,1,0,0,40,59,54
"506",0,0,1,0,0,0,1,0,0,0,0,0,0,82,82,80
"507",0,1,0,0,0,0,0,1,0,0,0,0,0,68,70,66
"508",0,0,1,0,0,0,0,0,0,1,0,0,0,55,59,54
"509",0,0,0,1,0,0,0,0,0,0,1,0,0,79,78,77
"510",0,0,0,1,0,0,0,0,0,1,0,0,0,86,92,87
"511",0,0,0,0,1,0,0,0,1,0,0,0,0,76,71,73
"512",0,1,0,0,0,0,1,0,0,0,0,0,0,64,50,43
"513",0,0,0,0,1,0,1,0,0,0,0,0,0,62,49,52
"514",0,0,1,0,0,0,1,0,0,0,0,0,0,54,61,62
"515",0,0,1,0,0,0,0,0,0,0,1,0,0,77,97,94
"516",0,0,0,1,0,0,1,0,0,0,0,0,0,76,87,85
"517",0,0,0,0,1,0,0,0,1,0,0,0,0,74,89,84
"518",0,0,0,0,0,1,0,0,1,0,0,0,0,66,74,73
"519",0,0,0,0,1,0,1,0,0,0,0,0,0,66,78,78
"520",0,0,1,0,0,0,0,1,0,0,0,0,0,67,78,79
"521",0,0,0,0,1,0,0,0,1,0,0,0,0,71,49,52
"522",0,0,0,1,0,0,0,0,0,0,0,0,0,91,86,84
"523",0,0,0,0,1,0,0,0,0,1,0,0,0,69,58,57
"524",0,0,0,1,0,0,0,0,0,0,1,0,0,54,59,50
"525",0,0,0,1,0,0,0,1,0,0,0,0,0,53,52,49
"526",0,0,0,0,0,1,0,0,1,0,0,0,0,68,60,59
"527",0,0,0,1,0,0,1,0,0,0,0,0,0,56,61,60
"528",0,0,0,1,0,0,0,1,0,0,0,0,0,36,53,43
"529",0,0,0,0,1,0,0,0,0,1,0,0,0,29,41,47
"530",0,0,0,1,0,0,0,0,0,0,0,0,0,62,74,70
"531",0,0,0,1,0,0,0,0,0,0,0,0,0,68,67,73
"532",0,0,0,1,0,0,1,0,0,0,0,0,0,47,54,53
"533",0,0,0,0,0,1,0,0,0,0,0,0,0,62,61,58
"534",0,0,0,0,0,1,0,0,0,0,0,0,0,79,88,94
"535",0,0,1,0,0,0,0,1,0,0,0,0,0,73,69,68
"536",0,0,0,1,0,0,0,0,0,1,0,0,0,66,83,83
"537",0,0,0,1,0,0,0,0,0,0,0,0,0,51,60,58
"538",0,0,0,0,1,0,0,1,0,0,0,0,0,51,66,62
"539",0,0,0,0,0,1,0,0,0,1,0,0,0,85,66,71
"540",0,1,0,0,0,0,0,0,0,0,0,0,0,97,92,86
"541",0,0,0,1,0,0,0,1,0,0,0,0,0,75,69,68
"542",0,0,0,0,1,0,0,0,0,0,0,0,0,79,82,80
"543",0,0,0,1,0,0,0,0,0,0,0,0,0,81,77,79
"544",0,0,0,0,1,0,0,0,0,0,0,0,0,82,95,89
"545",0,0,0,0,1,0,0,0,0,0,1,0,0,64,63,66
"546",0,0,0,0,0,1,1,0,0,0,0,0,0,78,83,80
"547",0,1,0,0,0,0,1,0,0,0,0,0,0,92,100,97
"548",0,0,0,1,0,0,0,1,0,0,0,0,0,72,67,64
"549",0,0,0,1,0,0,0,1,0,0,0,0,0,62,67,64
"550",0,0,0,1,0,0,0,0,0,0,1,0,0,79,72,69
"551",0,0,0,1,0,0,1,0,0,0,0,0,0,79,76,65
"552",0,0,1,0,0,0,0,0,0,1,0,0,0,87,90,88
"553",0,0,1,0,0,0,0,0,0,0,0,0,0,40,48,50
"554",0,0,0,0,1,0,0,0,1,0,0,0,0,77,62,64
"555",0,0,0,0,0,1,0,0,0,0,0,0,0,53,45,40
"556",0,0,0,1,0,0,0,0,1,0,0,0,0,32,39,33
"557",0,0,0,1,0,0,0,0,0,0,0,0,0,55,72,79
"558",0,0,0,1,0,0,0,0,0,0,1,0,0,61,67,66
"559",0,0,1,0,0,0,0,0,0,0,0,0,0,53,70,70
"560",0,0,0,0,1,0,1,0,0,0,0,0,0,73,66,62
"561",0,0,0,0,1,0,0,0,1,0,0,0,0,74,75,79
"562",0,0,0,1,0,0,0,0,1,0,0,0,0,63,74,74
"563",0,0,0,1,0,0,0,0,0,1,0,0,0,96,90,92
"564",0,0,0,0,1,0,0,0,1,0,0,0,0,63,80,80
"565",0,0,1,0,0,0,0,0,0,1,0,0,0,48,51,46
"566",0,0,1,0,0,0,0,0,0,0,0,0,0,48,43,45
"567",0,0,0,0,0,1,0,0,0,1,0,0,0,92,100,100
"568",0,0,0,0,1,0,0,0,0,0,1,0,0,61,71,78
"569",0,0,1,0,0,0,0,1,0,0,0,0,0,63,48,47
"570",0,0,0,0,1,0,0,0,0,1,0,0,0,68,68,67
"571",0,0,1,0,0,0,0,0,1,0,0,0,0,71,75,70
"572",0,1,0,0,0,0,0,0,0,1,0,0,0,91,96,92
"573",0,0,0,1,0,0,0,0,1,0,0,0,0,53,62,56
"574",0,0,0,1,0,0,0,1,0,0,0,0,0,50,66,64
"575",0,0,0,0,0,1,0,1,0,0,0,0,0,74,81,71
"576",0,1,0,0,0,0,0,0,0,0,0,0,0,40,55,53
"577",0,1,0,0,0,0,0,0,1,0,0,0,0,61,51,52
"578",0,0,1,0,0,0,0,1,0,0,0,0,0,81,91,89
"579",0,0,1,0,0,0,0,0,1,0,0,0,0,48,56,58
"580",0,0,0,0,1,0,0,0,0,0,1,0,0,53,61,68
"581",0,0,0,0,1,0,1,0,0,0,0,0,0,81,97,96
"582",0,0,0,0,0,1,1,0,0,0,0,0,0,77,79,80
"583",0,0,0,0,1,0,0,0,0,1,0,0,0,63,73,78
"584",0,0,0,0,1,0,0,0,0,0,0,0,0,73,75,80
"585",0,0,0,0,1,0,0,0,1,0,0,0,0,69,77,77
"586",0,0,0,1,0,0,0,0,0,0,0,0,0,65,76,76
"587",0,1,0,0,0,0,0,1,0,0,0,0,0,55,73,73
"588",0,0,0,1,0,0,0,0,0,1,0,0,0,44,63,62
"589",0,0,0,1,0,0,0,0,1,0,0,0,0,54,64,65
"590",0,1,0,0,0,0,1,0,0,0,0,0,0,48,66,65
"591",0,0,0,1,0,0,0,0,1,0,0,0,0,58,57,54
"592",0,1,0,0,0,0,1,0,0,0,0,0,0,71,62,50
"593",0,0,0,0,0,1,0,0,0,1,0,0,0,68,68,64
"594",0,0,0,0,0,1,0,1,0,0,0,0,0,74,76,73
"595",0,0,0,1,0,0,0,0,0,1,0,0,0,92,100,99
"596",0,0,0,1,0,0,0,0,0,1,0,0,0,56,79,72
"597",0,0,1,0,0,0,0,1,0,0,0,0,0,30,24,15
"598",0,1,0,0,0,0,1,0,0,0,0,0,0,53,54,48
"599",0,0,0,0,1,0,0,1,0,0,0,0,0,69,77,73
"600",0,0,0,0,1,0,1,0,0,0,0,0,0,65,82,81
"601",0,0,0,0,1,0,0,0,0,0,1,0,0,54,60,63
"602",0,0,0,1,0,0,0,1,0,0,0,0,0,29,29,30
"603",0,0,0,0,0,1,0,0,1,0,0,0,0,76,78,80
"604",0,0,0,0,1,0,0,1,0,0,0,0,0,60,57,51
"605",0,0,0,0,1,0,0,0,0,0,1,0,0,84,89,90
"606",0,0,0,1,0,0,1,0,0,0,0,0,0,75,72,62
"607",0,0,0,1,0,0,0,0,0,0,0,0,0,85,84,82
"608",0,0,0,1,0,0,0,0,0,0,1,0,0,40,58,54
"609",0,0,0,0,0,1,0,0,1,0,0,0,0,61,64,62
"610",0,0,1,0,0,0,0,0,0,0,0,0,0,58,63,65
"611",0,0,0,0,1,0,0,0,1,0,0,0,0,69,60,63
"612",0,0,0,1,0,0,0,0,1,0,0,0,0,58,59,66
"613",0,0,0,1,0,0,0,0,0,1,0,0,0,94,90,91
"614",0,0,0,1,0,0,0,0,0,0,0,0,0,65,77,74
"615",0,1,0,0,0,0,0,0,0,0,0,0,0,82,93,93
"616",0,0,0,1,0,0,0,1,0,0,0,0,0,60,68,72
"617",0,0,0,0,0,1,0,0,0,1,0,0,0,37,45,38
"618",0,0,0,0,1,0,0,0,0,1,0,0,0,88,78,83
"619",0,0,0,0,1,0,0,0,0,0,1,0,0,95,81,84
"620",0,0,0,1,0,0,0,0,0,0,0,0,0,65,73,68
"621",0,0,0,1,0,0,0,1,0,0,0,0,0,35,61,54
"622",0,0,1,0,0,0,0,0,0,1,0,0,0,62,63,56
"623",0,0,0,1,0,0,0,1,0,0,0,0,0,58,51,52
"624",0,1,0,0,0,0,0,0,1,0,0,0,0,100,96,86
"625",0,0,0,0,0,1,0,0,0,1,0,0,0,61,58,62
"626",0,0,0,0,1,0,0,0,1,0,0,0,0,100,97,99
"627",0,0,1,0,0,0,0,0,0,0,0,0,0,69,70,63
"628",0,0,0,0,1,0,0,0,0,0,0,0,0,61,48,46
"629",0,0,0,0,1,0,0,0,1,0,0,0,0,49,57,46
"630",0,0,0,1,0,0,1,0,0,0,0,0,0,44,51,55
"631",0,0,0,0,1,0,0,0,1,0,0,0,0,67,64,70
"632",0,0,1,0,0,0,0,1,0,0,0,0,0,79,60,65
"633",0,0,1,0,0,0,0,0,0,1,0,0,0,66,74,81
"634",0,0,0,1,0,0,0,1,0,0,0,0,0,75,88,85
"635",0,0,0,0,1,0,1,0,0,0,0,0,0,84,84,80
"636",0,1,0,0,0,0,0,1,0,0,0,0,0,71,74,64
"637",0,0,1,0,0,0,0,1,0,0,0,0,0,67,80,81
"638",0,0,0,0,1,0,1,0,0,0,0,0,0,80,92,88
"639",0,0,0,0,0,1,0,0,1,0,0,0,0,86,76,74
"640",0,0,0,0,1,0,0,0,0,0,0,0,0,76,74,73
"641",0,0,0,0,1,0,0,1,0,0,0,0,0,41,52,51
"642",0,0,0,0,1,0,0,0,0,0,0,0,0,74,88,90
"643",0,0,1,0,0,0,1,0,0,0,0,0,0,72,81,79
"644",0,0,0,0,0,1,0,1,0,0,0,0,0,74,79,80
"645",0,0,1,0,0,0,0,1,0,0,0,0,0,70,65,60
"646",0,0,1,0,0,0,0,0,0,1,0,0,0,65,81,81
"647",0,0,0,0,1,0,0,0,0,0,0,0,0,59,70,65
"648",0,0,0,0,0,1,0,1,0,0,0,0,0,64,62,68
"649",0,0,1,0,0,0,0,1,0,0,0,0,0,50,53,55
"650",0,0,0,0,1,0,0,0,1,0,0,0,0,69,79,81
"651",0,0,0,1,0,0,1,0,0,0,0,0,0,51,56,53
"652",0,1,0,0,0,0,0,1,0,0,0,0,0,68,80,76
"653",0,0,0,0,1,0,0,0,1,0,0,0,0,85,86,98
"654",0,1,0,0,0,0,0,0,0,0,0,0,0,65,70,74
"655",0,0,1,0,0,0,1,0,0,0,0,0,0,73,79,79
"656",0,0,1,0,0,0,0,0,1,0,0,0,0,62,67,67
"657",0,0,0,1,0,0,0,0,0,0,0,0,0,77,67,64
"658",0,0,0,0,1,0,1,0,0,0,0,0,0,69,66,61
"659",0,0,0,0,1,0,0,0,0,0,0,0,0,43,60,58
"660",0,0,0,0,1,0,0,0,0,0,0,0,0,90,87,85
"661",0,0,0,1,0,0,0,0,1,0,0,0,0,74,77,73
"662",0,0,0,1,0,0,1,0,0,0,0,0,0,73,66,63
"663",0,0,0,0,1,0,0,0,1,0,0,0,0,55,71,69
"664",0,0,0,1,0,0,0,1,0,0,0,0,0,65,69,67
"665",0,0,0,0,1,0,0,0,0,0,0,0,0,80,63,63
"666",0,0,0,1,0,0,1,0,0,0,0,0,0,50,60,60
"667",0,0,0,1,0,0,0,0,1,0,0,0,0,63,73,71
"668",0,0,1,0,0,0,0,0,0,1,0,0,0,77,85,87
"669",0,0,0,1,0,0,0,0,1,0,0,0,0,73,74,61
"670",0,0,0,0,1,0,0,0,0,0,0,0,0,81,72,77
"671",0,0,0,1,0,0,0,1,0,0,0,0,0,66,76,68
"672",0,0,0,0,1,0,0,0,0,0,0,0,0,52,57,50
"673",0,0,0,1,0,0,0,0,1,0,0,0,0,69,78,76
"674",0,0,0,1,0,0,0,0,0,0,0,0,0,65,84,84
"675",0,0,0,0,1,0,0,1,0,0,0,0,0,69,77,78
"676",0,0,1,0,0,0,0,0,1,0,0,0,0,50,64,66
"677",0,0,0,0,0,1,0,0,1,0,0,0,0,73,78,76
"678",0,0,0,1,0,0,1,0,0,0,0,0,0,70,82,76
"679",0,0,0,0,1,0,0,0,0,0,0,0,0,81,75,78
"680",0,0,0,0,1,0,0,0,1,0,0,0,0,63,61,60
"681",0,0,0,0,1,0,0,1,0,0,0,0,0,67,72,74
"682",0,0,1,0,0,0,0,1,0,0,0,0,0,60,68,60
"683",0,0,1,0,0,0,0,1,0,0,0,0,0,62,55,54
"684",0,0,0,1,0,0,1,0,0,0,0,0,0,29,40,44
"685",0,0,1,0,0,0,0,0,1,0,0,0,0,62,66,68
"686",0,0,0,0,0,1,0,0,0,0,1,0,0,94,99,100
"687",0,0,0,0,0,1,0,0,1,0,0,0,0,85,75,68
"688",0,0,0,0,1,0,0,0,0,0,0,0,0,77,78,73
"689",0,1,0,0,0,0,0,1,0,0,0,0,0,53,58,44
"690",0,0,0,0,0,1,0,0,1,0,0,0,0,93,90,83
"691",0,0,0,1,0,0,0,0,0,0,0,0,0,49,53,53
"692",0,0,0,0,0,1,0,0,0,0,0,0,0,73,76,78
"693",0,0,0,1,0,0,0,0,0,1,0,0,0,66,74,81
"694",0,0,0,0,1,0,0,0,0,0,0,0,0,77,77,73
"695",0,0,0,1,0,0,1,0,0,0,0,0,0,49,63,56
"696",0,0,0,0,1,0,0,0,1,0,0,0,0,79,89,86
"697",0,0,0,1,0,0,0,0,0,0,0,0,0,75,82,90
"698",0,1,0,0,0,0,0,0,0,1,0,0,0,59,72,70
"699",0,0,0,0,1,0,0,0,0,0,0,0,0,57,78,79
"700",0,0,0,1,0,0,0,1,0,0,0,0,0,66,66,59
"701",0,0,0,0,0,1,0,0,0,1,0,0,0,79,81,82
"702",0,0,1,0,0,0,1,0,0,0,0,0,0,57,67,72
"703",0,1,0,0,0,0,0,0,0,1,0,0,0,87,84,87
"704",0,0,0,0,1,0,0,0,1,0,0,0,0,63,64,67
"705",0,0,1,0,0,0,1,0,0,0,0,0,0,59,63,64
"706",0,1,0,0,0,0,0,0,0,1,0,0,0,62,72,65
"707",0,0,0,0,1,0,0,1,0,0,0,0,0,46,34,36
"708",0,0,0,1,0,0,0,0,1,0,0,0,0,66,59,52
"709",0,0,0,0,1,0,0,1,0,0,0,0,0,89,87,79
"710",0,0,0,0,1,0,0,0,0,0,0,0,0,42,61,58
"711",0,0,0,1,0,0,0,0,1,0,0,0,0,93,84,90
"712",0,0,0,0,0,1,1,0,0,0,0,0,0,80,85,85
"713",0,0,0,0,1,0,0,0,1,0,0,0,0,98,100,99
"714",0,0,0,0,1,0,0,0,0,0,1,0,0,81,81,84
"715",0,0,1,0,0,0,1,0,0,0,0,0,0,60,70,74
"716",0,0,1,0,0,0,0,0,0,0,0,0,0,76,94,87
"717",0,0,0,1,0,0,0,0,0,0,0,0,0,73,78,72
"718",0,0,0,1,0,0,0,0,0,0,0,0,0,96,96,99
"719",0,0,0,1,0,0,0,1,0,0,0,0,0,76,76,74
"720",0,0,0,0,0,1,0,0,0,0,0,0,0,91,73,80
"721",0,0,0,1,0,0,0,0,1,0,0,0,0,62,72,70
"722",0,0,0,0,1,0,1,0,0,0,0,0,0,55,59,59
"723",0,0,1,0,0,0,1,0,0,0,0,0,0,74,90,88
"724",0,0,0,1,0,0,0,1,0,0,0,0,0,50,48,42
"725",0,0,1,0,0,0,0,0,1,0,0,0,0,47,43,41
"726",0,0,0,0,0,1,0,0,1,0,0,0,0,81,74,71
"727",0,0,0,0,0,1,0,0,0,0,0,0,0,65,75,77
"728",0,0,0,0,0,1,1,0,0,0,0,0,0,68,51,57
"729",0,0,0,0,1,0,0,1,0,0,0,0,0,73,92,84
"730",0,0,0,1,0,0,0,0,1,0,0,0,0,53,39,37
"731",0,0,1,0,0,0,0,0,0,0,0,0,0,68,77,80
"732",0,1,0,0,0,0,1,0,0,0,0,0,0,55,46,43
"733",0,0,0,1,0,0,0,0,1,0,0,0,0,87,89,94
"734",0,0,0,0,1,0,1,0,0,0,0,0,0,55,47,44
"735",0,0,0,0,0,1,0,0,1,0,0,0,0,53,58,57
"736",0,0,0,1,0,0,0,0,0,0,1,0,0,67,57,59
"737",0,0,0,1,0,0,0,0,0,0,0,0,0,92,79,84
"738",0,0,1,0,0,0,0,0,1,0,0,0,0,53,66,73
"739",0,0,0,0,1,0,0,0,0,0,0,0,0,81,71,73
"740",0,0,0,1,0,0,0,1,0,0,0,0,0,61,60,55
"741",0,0,0,0,1,0,0,0,0,1,0,0,0,80,73,72
"742",0,1,0,0,0,0,0,0,0,0,0,0,0,37,57,56
"743",0,0,0,1,0,0,0,1,0,0,0,0,0,81,84,82
"744",0,0,0,1,0,0,0,0,0,0,0,0,0,59,73,72
"745",0,0,1,0,0,0,0,0,1,0,0,0,0,55,55,47
"746",0,0,0,0,1,0,0,0,0,0,0,0,0,72,79,74
"747",0,0,0,0,1,0,0,1,0,0,0,0,0,69,75,71
"748",0,0,0,1,0,0,0,0,1,0,0,0,0,69,64,68
"749",0,0,0,1,0,0,0,0,0,1,0,0,0,50,60,59
"750",0,0,1,0,0,0,0,0,1,0,0,0,0,87,84,86
"751",0,0,0,0,1,0,1,0,0,0,0,0,0,71,69,68
"752",0,0,0,0,0,1,0,0,1,0,0,0,0,68,72,65
"753",0,0,0,1,0,0,0,0,0,0,1,0,0,79,77,75
"754",0,0,0,1,0,0,1,0,0,0,0,0,0,77,90,85
"755",0,0,0,1,0,0,0,0,0,0,0,0,0,58,55,53
"756",0,0,0,0,0,1,0,0,0,0,0,0,0,84,95,92
"757",0,0,0,0,1,0,0,0,1,0,0,0,0,55,58,52
"758",0,0,0,0,0,1,0,0,0,1,0,0,0,70,68,72
"759",0,0,0,0,1,0,0,0,1,0,0,0,0,52,59,65
"760",0,0,1,0,0,0,0,0,1,0,0,0,0,69,77,77
"761",0,0,0,1,0,0,0,1,0,0,0,0,0,53,72,64
"762",0,0,0,0,1,0,1,0,0,0,0,0,0,48,58,54
"763",0,0,0,0,1,0,1,0,0,0,0,0,0,78,81,86
"764",0,0,1,0,0,0,0,1,0,0,0,0,0,62,62,63
"765",0,0,0,0,1,0,0,0,1,0,0,0,0,60,63,59
"766",0,0,1,0,0,0,0,1,0,0,0,0,0,74,72,72
"767",0,0,0,1,0,0,0,1,0,0,0,0,0,58,75,77
"768",0,0,1,0,0,0,0,1,0,0,0,0,0,76,62,60
"769",0,0,0,0,1,0,1,0,0,0,0,0,0,68,71,75
"770",0,1,0,0,0,0,0,0,1,0,0,0,0,58,60,57
"771",0,0,1,0,0,0,0,1,0,0,0,0,0,52,48,49
"772",0,0,0,0,1,0,0,0,0,1,0,0,0,75,73,74
"773",0,0,1,0,0,0,1,0,0,0,0,0,0,52,67,72
"774",0,0,0,1,0,0,0,0,0,1,0,0,0,62,78,79
"775",0,0,1,0,0,0,0,0,1,0,0,0,0,66,65,60
"776",0,0,1,0,0,0,1,0,0,0,0,0,0,49,58,55
"777",0,0,1,0,0,0,0,1,0,0,0,0,0,66,72,70
"778",0,0,0,1,0,0,0,0,1,0,0,0,0,35,44,43
"779",0,1,0,0,0,0,0,0,1,0,0,0,0,72,79,82
"780",0,0,0,0,0,1,0,0,0,0,0,0,0,94,85,82
"781",0,0,0,0,1,0,0,0,0,0,0,0,0,46,56,57
"782",0,0,1,0,0,0,0,0,0,0,1,0,0,77,90,84
"783",0,0,1,0,0,0,0,1,0,0,0,0,0,76,85,82
"784",0,0,0,1,0,0,0,0,0,0,0,0,0,52,59,62
"785",0,0,0,1,0,0,0,0,0,1,0,0,0,91,81,79
"786",0,0,1,0,0,0,1,0,0,0,0,0,0,32,51,44
"787",0,0,0,0,0,1,1,0,0,0,0,0,0,72,79,77
"788",0,0,1,0,0,0,0,0,1,0,0,0,0,19,38,32
"789",0,0,0,1,0,0,0,0,0,0,0,0,0,68,65,61
"790",0,0,0,1,0,0,0,0,0,0,1,0,0,52,65,61
"791",0,0,1,0,0,0,0,1,0,0,0,0,0,48,62,60
"792",0,0,0,0,1,0,0,0,1,0,0,0,0,60,66,70
"793",0,0,0,0,1,0,0,1,0,0,0,0,0,66,74,69
"794",0,0,0,0,0,1,1,0,0,0,0,0,0,89,84,77
"795",0,0,1,0,0,0,0,1,0,0,0,0,0,42,52,51
"796",0,0,0,0,0,1,0,0,0,0,0,0,0,57,68,73
"797",0,0,0,0,1,0,0,1,0,0,0,0,0,70,70,70
"798",0,0,0,0,0,1,0,0,0,0,0,0,0,70,84,81
"799",0,0,0,0,0,1,0,0,1,0,0,0,0,69,60,54
"800",0,0,0,1,0,0,0,0,0,0,0,0,0,52,55,57
"801",0,0,0,1,0,0,1,0,0,0,0,0,0,67,73,68
"802",0,0,0,1,0,0,1,0,0,0,0,0,0,76,80,73
"803",0,0,0,0,0,1,0,0,0,0,0,0,0,87,94,95
"804",0,0,1,0,0,0,0,0,1,0,0,0,0,82,85,87
"805",0,0,0,1,0,0,0,0,1,0,0,0,0,73,76,78
"806",0,1,0,0,0,0,0,0,1,0,0,0,0,75,81,74
"807",0,0,0,0,1,0,0,0,1,0,0,0,0,64,74,75
"808",0,0,0,0,0,1,0,1,0,0,0,0,0,41,45,40
"809",0,0,0,1,0,0,0,1,0,0,0,0,0,90,75,69
"810",0,0,1,0,0,0,0,0,0,1,0,0,0,59,54,51
"811",0,1,0,0,0,0,1,0,0,0,0,0,0,51,31,36
"812",0,1,0,0,0,0,0,1,0,0,0,0,0,45,47,49
"813",0,0,0,1,0,0,0,0,0,0,1,0,0,54,64,67
"814",0,0,0,0,0,1,1,0,0,0,0,0,0,87,84,76
"815",0,0,0,1,0,0,0,1,0,0,0,0,0,72,80,83
"816",0,0,1,0,0,0,1,0,0,0,0,0,0,94,86,87
"817",0,1,0,0,0,0,0,0,0,1,0,0,0,45,59,64
"818",0,0,0,0,1,0,0,0,0,1,0,0,0,61,70,76
"819",0,0,1,0,0,0,0,1,0,0,0,0,0,60,72,68
"820",0,0,0,1,0,0,1,0,0,0,0,0,0,77,91,88
"821",0,1,0,0,0,0,1,0,0,0,0,0,0,85,90,92
"822",0,0,0,0,1,0,0,0,0,1,0,0,0,78,90,93
"823",0,0,0,0,0,1,0,0,1,0,0,0,0,49,52,51
"824",0,0,1,0,0,0,0,1,0,0,0,0,0,71,87,82
"825",0,0,0,1,0,0,1,0,0,0,0,0,0,48,58,52
"826",0,0,0,1,0,0,0,1,0,0,0,0,0,62,67,58
"827",0,0,0,1,0,0,0,0,0,0,0,0,0,56,68,70
"828",0,0,0,1,0,0,1,0,0,0,0,0,0,65,69,76
"829",0,0,0,0,1,0,1,0,0,0,0,0,0,69,86,81
"830",0,0,1,0,0,0,1,0,0,0,0,0,0,68,54,53
"831",0,1,0,0,0,0,0,0,1,0,0,0,0,61,60,57
"832",0,0,0,1,0,0,0,0,0,1,0,0,0,74,86,89
"833",0,1,0,0,0,0,0,0,0,1,0,0,0,64,60,58
"834",0,0,1,0,0,0,0,1,0,0,0,0,0,77,82,89
"835",0,0,1,0,0,0,0,0,1,0,0,0,0,58,50,45
"836",0,0,0,1,0,0,0,1,0,0,0,0,0,60,64,74
"837",0,0,0,0,0,1,0,1,0,0,0,0,0,73,64,57
"838",0,1,0,0,0,0,0,1,0,0,0,0,0,75,82,79
"839",0,0,1,0,0,0,0,0,0,0,0,0,0,58,57,53
"840",0,0,0,1,0,0,0,0,0,0,0,0,0,66,77,73
"841",0,0,0,0,1,0,0,1,0,0,0,0,0,39,52,46
"842",0,0,0,1,0,0,1,0,0,0,0,0,0,64,58,51
"843",0,0,1,0,0,0,0,1,0,0,0,0,0,23,44,36
"844",0,0,1,0,0,0,0,0,1,0,0,0,0,74,77,76
"845",0,0,0,0,1,0,1,0,0,0,0,0,0,40,65,64
"846",0,0,0,0,0,1,0,0,0,0,1,0,0,90,85,84
"847",0,0,0,1,0,0,0,0,0,0,1,0,0,91,85,85
"848",0,0,0,0,1,0,0,1,0,0,0,0,0,64,54,50
"849",0,0,0,1,0,0,0,1,0,0,0,0,0,59,72,68
"850",0,0,0,0,1,0,0,0,0,0,0,0,0,80,75,69
"851",0,0,0,1,0,0,0,0,0,0,1,0,0,71,67,67
"852",0,1,0,0,0,0,0,1,0,0,0,0,0,61,68,63
"853",0,0,0,0,0,1,0,0,1,0,0,0,0,87,85,93
"854",0,0,0,0,0,1,1,0,0,0,0,0,0,82,67,61
"855",0,0,0,1,0,0,1,0,0,0,0,0,0,62,64,55
"856",0,0,1,0,0,0,0,0,0,1,0,0,0,97,97,96
"857",0,0,1,0,0,0,0,0,1,0,0,0,0,75,68,65
"858",0,0,0,1,0,0,0,0,0,1,0,0,0,65,79,81
"859",0,0,1,0,0,0,0,1,0,0,0,0,0,52,49,46
"860",0,0,0,1,0,0,0,0,0,0,0,0,0,87,73,72
"861",0,0,0,1,0,0,0,0,0,0,0,0,0,53,62,53
"862",0,0,0,0,0,1,0,0,0,0,1,0,0,81,86,87
"863",0,0,0,0,1,0,0,0,0,1,0,0,0,39,42,38
"864",0,0,0,1,0,0,0,0,1,0,0,0,0,71,71,80
"865",0,0,0,1,0,0,0,0,0,0,0,0,0,97,93,91
"866",0,0,0,0,1,0,0,0,1,0,0,0,0,82,82,88
"867",0,0,0,1,0,0,0,1,0,0,0,0,0,59,53,52
"868",0,0,1,0,0,0,0,0,0,0,0,0,0,61,42,41
"869",0,0,0,0,0,1,0,0,0,0,0,0,0,78,74,72
"870",0,0,0,1,0,0,0,0,0,0,0,0,0,49,51,51
"871",0,0,1,0,0,0,0,1,0,0,0,0,0,59,58,47
"872",0,0,0,1,0,0,0,0,1,0,0,0,0,70,72,76
"873",0,0,1,0,0,0,0,0,0,0,0,0,0,82,84,78
"874",0,0,0,0,0,1,0,0,0,0,0,0,0,90,90,82
"875",0,0,0,1,0,0,0,0,0,1,0,0,0,43,62,61
"876",0,0,0,1,0,0,0,0,1,0,0,0,0,80,64,66
"877",0,0,0,0,1,0,0,0,1,0,0,0,0,81,82,84
"878",0,0,0,1,0,0,1,0,0,0,0,0,0,57,61,54
"879",0,0,0,0,1,0,1,0,0,0,0,0,0,59,72,80
"880",0,0,0,0,1,0,0,0,0,0,0,0,0,64,76,74
"881",0,0,0,1,0,0,0,0,0,1,0,0,0,63,64,66
"882",0,0,0,0,0,1,0,0,0,1,0,0,0,71,70,70
"883",0,0,1,0,0,0,0,1,0,0,0,0,0,64,73,71
"884",0,0,0,0,1,0,0,0,0,1,0,0,0,55,46,44
"885",0,0,0,0,0,1,0,0,0,0,0,0,0,51,51,54
"886",0,0,0,1,0,0,0,0,0,0,0,0,0,62,76,80
"887",0,0,0,0,0,1,0,0,0,0,0,0,0,93,100,95
"888",0,0,0,1,0,0,0,1,0,0,0,0,0,54,72,59
"889",0,0,0,0,1,0,0,0,1,0,0,0,0,69,65,74
"890",0,0,0,0,1,0,0,1,0,0,0,0,0,44,51,48
"891",0,0,0,0,0,1,0,0,1,0,0,0,0,86,85,91
"892",0,0,0,0,0,1,0,0,0,0,0,0,0,85,92,85
"893",0,1,0,0,0,0,0,0,0,0,1,0,0,50,67,73
"894",0,0,0,0,1,0,1,0,0,0,0,0,0,88,74,75
"895",0,0,0,0,0,1,0,0,0,0,0,0,0,59,62,69
"896",0,0,0,0,0,1,1,0,0,0,0,0,0,32,34,38
"897",0,0,1,0,0,0,0,1,0,0,0,0,0,36,29,27
"898",0,0,1,0,0,0,1,0,0,0,0,0,0,63,78,79
"899",0,0,0,0,1,0,0,0,0,0,0,0,0,67,54,63
"900",0,0,0,0,1,0,1,0,0,0,0,0,0,65,78,82
"901",0,0,0,0,1,0,0,0,0,0,1,0,0,85,84,89
"902",0,0,0,1,0,0,0,0,0,0,1,0,0,73,78,74
"903",0,1,0,0,0,0,0,1,0,0,0,0,0,34,48,41
"904",0,0,0,0,1,0,0,0,0,1,0,0,0,93,100,100
"905",0,0,0,0,1,0,1,0,0,0,0,0,0,67,84,84
"906",0,0,0,0,1,0,0,0,1,0,0,0,0,88,77,77
"907",0,0,1,0,0,0,0,1,0,0,0,0,0,57,48,51
"908",0,0,0,0,1,0,0,0,1,0,0,0,0,79,84,91
"909",0,0,0,1,0,0,0,0,0,1,0,0,0,67,75,72
"910",0,0,0,0,0,1,0,0,0,1,0,0,0,70,64,70
"911",0,0,0,0,1,0,0,0,0,1,0,0,0,50,42,48
"912",0,1,0,0,0,0,0,0,1,0,0,0,0,69,84,82
"913",0,0,0,1,0,0,0,0,0,1,0,0,0,52,61,66
"914",0,0,0,1,0,0,0,0,0,1,0,0,0,47,62,66
"915",0,0,1,0,0,0,0,0,0,0,0,0,0,46,61,55
"916",0,0,0,0,0,1,0,0,1,0,0,0,0,68,70,66
"917",0,0,0,0,0,1,0,0,0,1,0,0,0,100,100,100
"918",0,0,0,1,0,0,0,1,0,0,0,0,0,44,61,52
"919",0,0,0,1,0,0,0,0,0,0,0,0,0,57,77,80
"920",0,0,1,0,0,0,0,0,1,0,0,0,0,91,96,91
"921",0,0,0,0,1,0,0,1,0,0,0,0,0,69,70,67
"922",0,0,0,1,0,0,0,1,0,0,0,0,0,35,53,46
"923",0,0,0,0,1,0,0,1,0,0,0,0,0,72,66,66
"924",0,0,1,0,0,0,0,0,0,0,0,0,0,54,65,65
"925",0,0,0,0,1,0,0,1,0,0,0,0,0,74,70,69
"926",0,0,0,0,0,1,1,0,0,0,0,0,0,74,64,60
"927",0,0,0,0,0,1,0,0,0,0,0,0,0,64,56,52
"928",0,0,0,0,1,0,0,1,0,0,0,0,0,65,61,71
"929",0,0,0,0,0,1,0,0,0,0,0,0,0,46,43,44
"930",0,0,0,1,0,0,1,0,0,0,0,0,0,48,56,51
"931",0,0,0,1,0,0,0,0,1,0,0,0,0,67,74,70
"932",0,0,0,0,1,0,0,0,1,0,0,0,0,62,57,62
"933",0,0,0,0,1,0,0,0,0,0,0,0,0,61,71,73
"934",0,0,0,1,0,0,0,0,0,1,0,0,0,70,75,74
"935",0,0,0,1,0,0,0,0,0,0,0,0,0,98,87,90
"936",0,0,0,0,1,0,0,0,1,0,0,0,0,70,63,58
"937",0,1,0,0,0,0,0,0,0,0,0,0,0,67,57,53
"938",0,0,0,0,0,1,0,1,0,0,0,0,0,57,58,57
"939",0,0,0,0,1,0,0,0,1,0,0,0,0,85,81,85
"940",0,0,0,0,1,0,1,0,0,0,0,0,0,77,68,69
"941",0,0,0,1,0,0,0,0,0,0,1,0,0,72,66,72
"942",0,0,0,0,1,0,0,0,0,0,1,0,0,78,91,96
"943",0,0,0,1,0,0,0,1,0,0,0,0,0,81,66,64
"944",0,1,0,0,0,0,1,0,0,0,0,0,0,61,62,61
"945",0,0,1,0,0,0,0,1,0,0,0,0,0,58,68,61
"946",0,0,0,1,0,0,0,0,0,0,0,0,0,54,61,58
"947",0,0,1,0,0,0,0,1,0,0,0,0,0,82,82,80
"948",0,0,0,0,1,0,0,0,1,0,0,0,0,49,58,60
"949",0,0,1,0,0,0,1,0,0,0,0,0,0,49,50,52
"950",0,0,0,0,0,1,0,1,0,0,0,0,0,57,75,73
"951",0,0,0,0,0,1,0,1,0,0,0,0,0,94,73,71
"952",0,0,0,0,1,0,0,0,1,0,0,0,0,75,77,83
"953",0,0,0,0,0,1,1,0,0,0,0,0,0,74,74,72
"954",0,0,0,1,0,0,0,1,0,0,0,0,0,58,52,54
"955",0,0,0,1,0,0,0,0,1,0,0,0,0,62,69,69
"956",0,0,0,0,0,1,0,0,0,0,0,0,0,72,57,62
"957",0,0,0,1,0,0,0,0,1,0,0,0,0,84,87,81
"958",0,0,0,0,1,0,0,0,0,0,1,0,0,92,100,100
"959",0,0,0,0,1,0,0,1,0,0,0,0,0,45,63,59
"960",0,0,0,1,0,0,0,1,0,0,0,0,0,75,81,71
"961",0,1,0,0,0,0,0,0,1,0,0,0,0,56,58,64
"962",0,0,0,0,1,0,1,0,0,0,0,0,0,48,54,53
"963",0,0,0,0,0,1,0,0,0,0,0,0,0,100,100,100
"964",0,0,0,1,0,0,1,0,0,0,0,0,0,65,76,75
"965",0,0,0,0,1,0,0,0,1,0,0,0,0,72,57,58
"966",0,0,0,0,1,0,0,0,1,0,0,0,0,62,70,72
"967",0,1,0,0,0,0,1,0,0,0,0,0,0,66,68,64
"968",0,0,0,1,0,0,0,0,1,0,0,0,0,63,63,60
"969",0,0,0,0,0,1,0,0,0,0,0,0,0,68,76,67
"970",0,0,1,0,0,0,0,0,0,1,0,0,0,75,84,80
"971",0,0,0,0,1,0,0,0,0,1,0,0,0,89,100,100
"972",0,0,0,1,0,0,1,0,0,0,0,0,0,78,72,69
"973",0,1,0,0,0,0,0,1,0,0,0,0,0,53,50,60
"974",0,0,0,0,1,0,0,0,1,0,0,0,0,49,65,61
"975",0,1,0,0,0,0,0,0,1,0,0,0,0,54,63,67
"976",0,0,0,1,0,0,0,0,1,0,0,0,0,64,82,77
"977",0,0,1,0,0,0,0,0,1,0,0,0,0,60,62,60
"978",0,0,0,1,0,0,0,0,0,0,0,0,0,62,65,58
"979",0,0,0,0,1,0,0,1,0,0,0,0,0,55,41,48
"980",0,0,0,1,0,0,0,0,0,0,0,0,0,91,95,94
"981",0,0,1,0,0,0,0,1,0,0,0,0,0,8,24,23
"982",0,0,0,0,1,0,1,0,0,0,0,0,0,81,78,78
"983",0,0,1,0,0,0,1,0,0,0,0,0,0,79,85,86
"984",0,1,0,0,0,0,0,0,1,0,0,0,0,78,87,91
"985",0,0,0,1,0,0,1,0,0,0,0,0,0,74,75,82
"986",0,1,0,0,0,0,0,1,0,0,0,0,0,57,51,54
"987",0,0,0,1,0,0,0,0,0,0,0,0,0,40,59,51
"988",0,0,0,0,0,1,1,0,0,0,0,0,0,81,75,76
"989",0,1,0,0,0,0,1,0,0,0,0,0,0,44,45,45
"990",0,0,0,0,1,0,0,0,1,0,0,0,0,67,86,83
"991",0,0,0,0,0,1,0,1,0,0,0,0,0,86,81,75
"992",0,0,1,0,0,0,1,0,0,0,0,0,0,65,82,78
"993",0,0,0,0,1,0,0,0,0,0,0,0,0,55,76,76
"994",0,0,0,0,1,0,0,0,0,1,0,0,0,62,72,74
"995",0,1,0,0,0,0,0,1,0,0,0,0,0,63,63,62
"996",0,0,0,0,0,1,0,0,0,0,1,0,0,88,99,95
"997",0,0,0,1,0,0,0,1,0,0,0,0,0,62,55,55
"998",0,0,0,1,0,0,0,1,0,0,0,0,0,59,71,65
"999",0,0,0,0,1,0,0,0,1,0,0,0,0,68,78,77
"1000",0,0,0,0,1,0,0,0,1,0,0,0,0,77,86,86
